{"1683706347.4240525": {"sedP": {"r2": -0.022959909280738544, "nse": 9.88430246889869, "re_": -0.9999893391540297, "obs": [0.0275, 0.0305, 0.047, 0.068, 0.036, 0.045], "pre": [0, 0, 0, 0, 1.63187508975313e-06, 8.385845497840812e-07, 2.0349709762264515e-06, 5.208048518179995e-07, 1.8671259796576624e-06, 0, 0]}, "solP": {"r2": -0.0781529155482361, "nse": 29.718948498292765, "re_": -0.9999944364300327, "obs": [0.024, 0.0305, 0.018, 0.033, 0.0305, 0.028], "pre": [0, 0, 0, 0, 6.52750035901252e-07, 3.354338199136325e-07, 9.32695030770457e-07, 2.1700202159083314e-07, 8.557660740097619e-07, 0, 0]}}, "1683706366.8927987": {"sedP": {"r2": -0.004315195186023006, "nse": 31507882.805355564, "re_": -1109.0810045962132, "obs": [0.0275, 0.0305, 0.047, 0.068, 0.036, 0.045], "pre": [0, 0, 0, 23.922252935181696, 108.15955030584483, 148.42153068097772, 96.25625970204042, 189.0523826392948, 100.29316214644045, 9.147744743027761, 0]}, "solP": {"r2": -0.1554234348737933, "nse": 29.711070969740206, "re_": -0.9999018774757361, "obs": [0.024, 0.0305, 0.018, 0.033, 0.0305, 0.028], "pre": [0, 0, 0, 1.6752523348829417e-05, 1.4884534838871674e-06, 9.038727410058768e-07, 1.8665248107810472e-06, 6.440943791493767e-07, 1.6765876920968572e-06, 7.623403849818945e-05, 0]}}, "1683706462.6656697": {"sedP": {"r2": -0.022959909280738544, "nse": 9.88430246889869, "re_": -0.9999893391540297, "obs": [0.0275, 0.0305, 0.047, 0.068, 0.036, 0.045], "pre": [0, 0, 0, 0, 1.63187508975313e-06, 8.385845497840812e-07, 2.0349709762264515e-06, 5.208048518179995e-07, 1.8671259796576624e-06, 0, 0]}, "solP": {"r2": -0.0781529155482361, "nse": 29.718948498292765, "re_": -0.9999944364300327, "obs": [0.024, 0.0305, 0.018, 0.033, 0.0305, 0.028], "pre": [0, 0, 0, 0, 6.52750035901252e-07, 3.354338199136325e-07, 9.32695030770457e-07, 2.1700202159083314e-07, 8.557660740097619e-07, 0, 0]}}, "1683706490.0268707": {"sedP": {"r2": -0.004315195186023006, "nse": 31507882.805355564, "re_": -1109.0810045962132, "obs": [0.0275, 0.0305, 0.047, 0.068, 0.036, 0.045], "pre": [0, 0, 0, 23.922252935181696, 108.15955030584483, 148.42153068097772, 96.25625970204042, 189.0523826392948, 100.29316214644045, 9.147744743027761, 0]}, "solP": {"r2": -0.1554234348737933, "nse": 29.711070969740206, "re_": -0.9999018774757361, "obs": [0.024, 0.0305, 0.018, 0.033, 0.0305, 0.028], "pre": [0, 0, 0, 1.6752523348829417e-05, 1.4884534838871674e-06, 9.038727410058768e-07, 1.8665248107810472e-06, 6.440943791493767e-07, 1.6765876920968572e-06, 7.623403849818945e-05, 0]}}, "1683720338.3846724": {"sedP": {"r2": -0.022959909280738544, "nse": 9.88430246889869, "re_": -0.9999893391540297, "obs": [0.0275, 0.0305, 0.047, 0.068, 0.036, 0.045], "pre": [0, 0, 0, 0, 1.63187508975313e-06, 8.385845497840812e-07, 2.0349709762264515e-06, 5.208048518179995e-07, 1.8671259796576624e-06, 0, 0]}, "solP": {"r2": -0.0781529155482361, "nse": 29.718948498292765, "re_": -0.9999944364300327, "obs": [0.024, 0.0305, 0.018, 0.033, 0.0305, 0.028], "pre": [0, 0, 0, 0, 6.52750035901252e-07, 3.354338199136325e-07, 9.32695030770457e-07, 2.1700202159083314e-07, 8.557660740097619e-07, 0, 0]}}, "1683720357.5949764": {"sedP": {"r2": -0.004315195186023006, "nse": 31507882.805355564, "re_": -1109.0810045962132, "obs": [0.0275, 0.0305, 0.047, 0.068, 0.036, 0.045], "pre": [0, 0, 0, 23.922252935181696, 108.15955030584483, 148.42153068097772, 96.25625970204042, 189.0523826392948, 100.29316214644045, 9.147744743027761, 0]}, "solP": {"r2": -0.1554234348737933, "nse": 29.711070969740206, "re_": -0.9999018774757361, "obs": [0.024, 0.0305, 0.018, 0.033, 0.0305, 0.028], "pre": [0, 0, 0, 1.6752523348829417e-05, 1.4884534838871674e-06, 9.038727410058768e-07, 1.8665248107810472e-06, 6.440943791493767e-07, 1.6765876920968572e-06, 7.623403849818945e-05, 0]}}, "1683720377.282452": {"sedP": {"r2": NaN, "nse": 9.884479852918641, "re_": -1.0, "obs": [0.0275, 0.0305, 0.047, 0.068, 0.036, 0.045], "pre": [0, 0, 0, 0.0, 0.0, 0.0, 0.0, 0.0, 0.0, 0.0, 0]}, "solP": {"r2": NaN, "nse": 29.719337016574585, "re_": -1.0, "obs": [0.024, 0.0305, 0.018, 0.033, 0.0305, 0.028], "pre": [0, 0, 0, 0.0, 0.0, 0.0, 0.0, 0.0, 0.0, 0.0, 0]}}, "1684122554.6992514": {"sedP": {"r2": -0.022959909280738544, "nse": 9.88430246889869, "re_": -0.9999893391540297, "obs": [0.0275, 0.0305, 0.047, 0.068, 0.036, 0.045], "pre": [0, 0, 0, 0, 1.63187508975313e-06, 8.385845497840812e-07, 2.0349709762264515e-06, 5.208048518179995e-07, 1.8671259796576624e-06, 0, 0]}, "solP": {"r2": -0.0781529155482361, "nse": 29.718948498292765, "re_": -0.9999944364300327, "obs": [0.024, 0.0305, 0.018, 0.033, 0.0305, 0.028], "pre": [0, 0, 0, 0, 6.52750035901252e-07, 3.354338199136325e-07, 9.32695030770457e-07, 2.1700202159083314e-07, 8.557660740097619e-07, 0, 0]}}, "1684134613.6128316": {"colP": {"r2": -0.07353560612182822, "nse": 3.599990666794503, "re_": -0.9999990087845769, "obs": [1.0, 2.0, 3.0, 4.0, 5.0, 6.0, 7.0, 8.0, 9.0, 10.0, 11.0], "pre": [0, 0, 0, 0, 1.644930090471155e-05, 1.053262194528806e-05, 1.9671386103522366e-05, 7.855473181588159e-06, 1.8593462880757554e-05, 0, 0]}}, "1684134632.5692282": {"colP": {"r2": -0.1825137010805216, "nse": 3.6004919032881046, "re_": -1.000052361004219, "obs": [1.0, 2.0, 3.0, 4.0, 5.0, 6.0, 7.0, 8.0, 9.0, 10.0, 11.0], "pre": [0, 0, 0, -0.0007063980678756404, -0.0004130781994631213, -0.0003703913297382778, -0.00043007842515079963, -0.00034080643836741396, -0.0004240308958664095, -0.001038688774537831, 0]}}, "1684134651.5250897": {"colP": {"r2": -0.0, "nse": 3.5999999999999996, "re_": -1.0, "obs": [1.0, 2.0, 3.0, 4.0, 5.0, 6.0, 7.0, 8.0, 9.0, 10.0, 11.0], "pre": [0, 0, 0, 0.0, 0.0, 0.0, 0.0, 0.0, 0.0, 0.0, 0]}}, "1684134670.9233117": {"colP": {"r2": -0.16545863092351776, "nse": 3.600009603601965, "re_": -1.0000007617479643, "obs": [1.0, 2.0, 3.0, 4.0, 5.0, 6.0, 7.0, 8.0, 9.0, 10.0, 11.0], "pre": [0, 0, -1.3009540329575022e-05, 0.0, 0.0, 0.0, 0.0, 0.0, 0.0, 0.0, -4.446985579061051e-05]}}, "1684134689.3952246": {"colP": {"r2": -0.06222831788608591, "nse": 3.599998474715065, "re_": -0.9999998414845911, "obs": [1.0, 2.0, 3.0, 4.0, 5.0, 6.0, 7.0, 8.0, 9.0, 10.0, 11.0], "pre": [0, 0, 0, 0, 2.674154298703035e-06, 9.871278527994946e-07, 4.106405170785391e-06, 5.743126052427849e-07, 3.4730904948459338e-06, 0, 0]}}, "1684134708.0139928": {"colP": {"r2": -0.048772202974382596, "nse": 3.600002301308928, "re_": -1.0000002358866436, "obs": [1.0, 2.0, 3.0, 4.0, 5.0, 6.0, 7.0, 8.0, 9.0, 10.0, 11.0], "pre": [0, 0, 0, 0, -4.584359083678306e-06, 0.0, -7.056490063699127e-06, 0.0, -6.028301288152801e-06, 0, 0]}}}